{"cameraMode":{"drawMode":0,"name":"Shaded","section":"Shading Mode"},"sceneLighting":true,"audioPlay":false,"sceneViewState":{"showFog":true,"showMaterialUpdate":false,"showSkybox":false,"showFlares":true,"showImageEffects":true,"showParticleSystems":true},"in2DMode":false,"pivot":{"x":0.2542286515235901,"y":-0.23631009459495545,"z":0.7648311257362366},"rotation":{"x":0.13043713569641114,"y":-0.13253545761108399,"z":0.017597392201423646,"w":0.9824005961418152},"size":1.1599652767181397,"orthographic":false}