{"cameraMode":{"drawMode":0,"name":"Shaded","section":"Shading Mode"},"sceneLighting":false,"audioPlay":false,"sceneViewState":{"showFog":true,"showMaterialUpdate":false,"showSkybox":false,"showFlares":true,"showImageEffects":true,"showParticleSystems":true},"in2DMode":false,"pivot":{"x":-3.8231115341186525,"y":-9.495330810546875,"z":-9.632513999938965},"rotation":{"x":0.07738389819860459,"y":-0.9221839904785156,"z":0.282237708568573,"w":0.2528446614742279},"size":22.42818260192871,"orthographic":false}