{"cameraMode":{"drawMode":0,"name":"Shaded","section":"Shading Mode"},"sceneLighting":false,"audioPlay":false,"sceneViewState":{"showFog":true,"showMaterialUpdate":false,"showSkybox":false,"showFlares":true,"showImageEffects":true,"showParticleSystems":true},"in2DMode":false,"pivot":{"x":1.790602207183838,"y":1.0358082056045533,"z":3.9889681339263918},"rotation":{"x":-0.0116916224360466,"y":0.9010307192802429,"z":-0.024333978071808816,"w":-0.43291446566581728},"size":0.8270494341850281,"orthographic":false}